书名,价格,作者,出版社
导论（第2版）/系列教材,￥67.40,张小峰,清华大学出版社
导论（第2版）,￥31.60,王建国,中国铁道出版社
现货 自然语言处理的认知方法 书 智能丛书|8062180,￥64.30,无,无
手把手教你学51单片机——C语言版（第2版）（丛书）,￥75.10,宋雪松,清华大学出版社
Flutter组件精讲实战（套装上下册）/丛书,￥283.10,赵龙,清华大学出版社
丛书·云计算：概念、架构,￥56.90,(美)Thomas ERL,机械工业出版社
编译原理第2版 程序设计编译系列入门教材 编译原理工具算法导论 原理工业编程编,￥66.75,无,无
工程计算丛书 MATLAB数学建模,￥67.40,李昕,清华大学出版社
专业培养方案编制指南（修订版）,￥69.00,中国计算机学会,清华大学出版社
软件项目管理(第2版)（丛书·新形态教材）,￥40.80,宁涛,清华大学出版社
Vue+Spring Boot前后端分离开发实战（丛书）,￥89.80,贾志杰,清华大学出版社
数据分析——统计、描述、预测应用（丛书）,￥79.00,(葡)乔·门德斯·莫雷拉,清华大学出版社
数据结构算法 张铭 大学系列教材高等教育教科书上机题 算法设计算法分析线性表字符串,￥26.70,无,无
名词(第3版),￥220.50,无,科学出版社
算法设计分析+习题解答 第5版 王晓东 书 算法设计方法分析技巧,￥54.00,无,电子工业出版社
XML基础教程/21世纪高等学校规划教材·,￥25.40,靳新,清华大学出版社
名词（第三版）,￥238.40,全国科学技术名词审定委员会审定,科学出版社
C#网络程序开发(第二版)/21世纪高等学校规划教材·,￥32.50,何波,清华大学出版社
正版 算法数据结构第三版第3版 陈媛 清华大学 教材高等教育教科书 软件开发设计,￥48.00,无,无
MATLAB高等数学分析（下册）/工程计算丛书,￥59.00,张昊航,清华大学出版社
虚拟现实增强现实概论/21世纪高等学校规划教材·,￥28.80,娄岩,清华大学出版社
数据库原理及应用（第2版）/21世纪高等学校规划教材·,￥33.70,雷景生,清华大学出版社
数字图像处理（第3版）/21世纪高等学校规划教材·,￥33.70,李俊山,清华大学出版社
数据仓库数据挖掘教程/21世纪高等学校规划教材·,￥46.90,黄德才,清华大学出版社
正版 2021新 人脑 冯诺伊曼 商务印书馆 人文名著译丛 模拟数字设计思,￥20.50,无,无
Python机器学习（原书第3版）,￥149.00,(美)塞巴斯蒂安·拉施卡（Sebastian,机械工业出版社
C++程序设计基础习题解析实验解答（第2版）/21世纪高等学校规划教材·,￥38.40,孔丽英,清华大学出版社
专业培养方案编制指南,￥33.60,中国计算机学会,清华大学出版社
取证司法鉴定（第3版）（21世纪高等学校规划教材·）,￥40.80,麦永浩,清华大学出版社
Java多线程线程池详解/丛书,￥79.00,肖海鹏,清华大学出版社
导论（第2版）/系列教材,￥67.40,张小峰,清华大学出版社
导论（第2版）,￥31.60,王建国,中国铁道出版社
现货 自然语言处理的认知方法 书 智能丛书|8062180,￥64.30,无,无
手把手教你学51单片机——C语言版（第2版）（丛书）,￥75.10,宋雪松,清华大学出版社
Flutter组件精讲实战（套装上下册）/丛书,￥283.10,赵龙,清华大学出版社
丛书·云计算：概念、架构,￥56.90,(美)Thomas ERL,机械工业出版社
编译原理第2版 程序设计编译系列入门教材 编译原理工具算法导论 原理工业编程编,￥66.75,无,无
工程计算丛书 MATLAB数学建模,￥67.40,李昕,清华大学出版社
专业培养方案编制指南（修订版）,￥69.00,中国计算机学会,清华大学出版社
软件项目管理(第2版)（丛书·新形态教材）,￥40.80,宁涛,清华大学出版社
Vue+Spring Boot前后端分离开发实战（丛书）,￥89.80,贾志杰,清华大学出版社
数据分析——统计、描述、预测应用（丛书）,￥79.00,(葡)乔·门德斯·莫雷拉,清华大学出版社
数据结构算法 张铭 大学系列教材高等教育教科书上机题 算法设计算法分析线性表字符串,￥26.70,无,无
名词(第3版),￥220.50,无,科学出版社
算法设计分析+习题解答 第5版 王晓东 书 算法设计方法分析技巧,￥54.00,无,电子工业出版社
XML基础教程/21世纪高等学校规划教材·,￥25.40,靳新,清华大学出版社
名词（第三版）,￥238.40,全国科学技术名词审定委员会审定,科学出版社
C#网络程序开发(第二版)/21世纪高等学校规划教材·,￥32.50,何波,清华大学出版社
正版 算法数据结构第三版第3版 陈媛 清华大学 教材高等教育教科书 软件开发设计,￥48.00,无,无
MATLAB高等数学分析（下册）/工程计算丛书,￥59.00,张昊航,清华大学出版社
虚拟现实增强现实概论/21世纪高等学校规划教材·,￥28.80,娄岩,清华大学出版社
数据库原理及应用（第2版）/21世纪高等学校规划教材·,￥33.70,雷景生,清华大学出版社
数字图像处理（第3版）/21世纪高等学校规划教材·,￥33.70,李俊山,清华大学出版社
数据仓库数据挖掘教程/21世纪高等学校规划教材·,￥46.90,黄德才,清华大学出版社
正版 2021新 人脑 冯诺伊曼 商务印书馆 人文名著译丛 模拟数字设计思,￥20.50,无,无
Python机器学习（原书第3版）,￥149.00,(美)塞巴斯蒂安·拉施卡（Sebastian,机械工业出版社
C++程序设计基础习题解析实验解答（第2版）/21世纪高等学校规划教材·,￥38.40,孔丽英,清华大学出版社
专业培养方案编制指南,￥33.60,中国计算机学会,清华大学出版社
取证司法鉴定（第3版）（21世纪高等学校规划教材·）,￥40.80,麦永浩,清华大学出版社
Java多线程线程池详解/丛书,￥79.00,肖海鹏,清华大学出版社
编译原理第2版 程序设计编译系列入门教材 编译原理工具算法导论 原理工业编程编,￥66.75,无,无
Linux基础教程 第2版  21世纪高等学校规划教材·,￥33.30,孟庆昌,清华大学出版社
视觉：模型、学习和推理/丛书,￥98.20,(英)西蒙,机械工业出版社
操作系统原理/21世纪高等学校规划教材·,￥20.80,无,清华大学出版社
离散数学/21世纪高等学校规划教材·,￥29.20,邓米克,清华大学出版社
数据分析数据挖掘（第2版）（学科研究生系列教材（中文版））,￥51.10,无,清华大学出版社
正版 算法数据结构第三版第3版 陈媛 清华大学 教材高等教育教科书 软件开发设计,￥48.00,无,无
学术英语――,￥70.60,王雷,电子工业出版社
网络基础教程（第2版）/21世纪高等学校规划教材·,￥33.70,吴辰文,清华大学出版社
微机原理接口/21世纪实践型教程普通高等教育“十一五”国家级规划教材,￥27.30,姚琳,清华大学出版社
Go语言入门经典/丛书,￥99.00,周家安,清华大学出版社
机器学习原理实践（Python版）（人工智能丛书）,￥89.00,左飞,清华大学出版社
正版 2021新 人脑 冯诺伊曼 商务印书馆 人文名著译丛 模拟数字设计思,￥20.50,无,无
MATLAB计算（工程计算丛书）,￥99.00,温正,清华大学出版社
导论（微课视频版）/丛书,￥59.00,无,清华大学出版社
Python算法图解（丛书）,￥47.00,何韬,清华大学出版社
Java语言面向对象程序设计（第2版）（21世纪高等学校规划教材·）,￥38.40,马俊,清华大学出版社
离散数学/21世纪高等学校规划教材·,￥33.20,陈志奎,清华大学出版社
正版 离散数学 第2版 屈婉玲 软件工程专业本科教材高等教育教科书 数理逻辑代数结构,￥33.00,无,无
微机原理、汇编接口教程/21世纪高等学校规划教材·,￥33.70,王晓虹,清华大学出版社
包邮 离散数学实验习题解析 傅彦 王丽杰 高等教育出版社 高等学校专业系列教材,￥18.50,傅彦 王丽杰 尚明生 顾小丰,高等教育出版社
全国硕士研究生招生考试学科联考组成原理复习指导真题解析,￥62.00,蒋本珊,清华大学出版社
数据库原理应用/21世纪高等学校规划教材·,￥47.00,无,清华大学出版社
区块链安全 翁健 清华大学出版社 区块链安全高等学校教材,￥36.60,翁健,清华大学
正版 算法数据结构第三版第3版 陈媛 清华大学 教材高等教育教科书 软件开发设计,￥48.00,无,无
网络安全实验教程（第4版）（专业实践系列教材）,￥40.80,孙建国,清华大学出版社
微机原理：结构、编程接口（第2版）/高等学校教材,￥41.80,王克义,清华大学出版社
网络安全教程（第2版）/高等学校教材,￥38.40,石志国,清华大学出版社
操作系统原理及Linux内核分析(第2版）/21世纪高等学校规划教材·,￥50.40,李芳,清华大学出版社
Java Web开发基础：从Servlet到JSP（第2版）/21世纪高等学校规划教材·,￥41.80,王斐,清华大学出版社
正版 算法数据结构第三版第3版 陈媛 清华大学 教材高等教育教科书 软件开发设计,￥48.00,无,无
离散数学基础及实验教程（第3版）（21世纪高等学校规划教材·）,￥33.70,谢胜利,清华大学出版社
Java Web应用开发(Java EE 8 +Tomcat 9)（丛书）,￥69.00,肖海鹏,清华大学出版社
实用操作系统教程·第2版/专业实践系列教材,￥42.30,李建伟,清华大学出版社
数据结构算法/21世纪高等学校规划教材·,￥41.80,张瑞霞,清华大学出版社
导论实践/21世纪高等学校规划教材·,￥29.50,吕云翔,清华大学出版社
正版 离散数学 第2版 屈婉玲 软件工程专业本科教材高等教育教科书 数理逻辑代数结构,￥33.00,无,无
算法设计分析/21世纪高等学校规划教材·,￥28.20,王秋芬,清华大学出版社
程序设计简明教程(C语言版)/21世纪实践型教程,￥24.80,李帮庆,清华大学出版社
汇编语言程序设计/21世纪高等学校规划教材·,￥24.80,刘辉,清华大学出版社
组成原理/21世纪高等学校规划教材·,￥25.20,谷赫,清华大学出版社
面向专业规范系列教材：C程序设计思想方法,￥29.00,尹宝林,机械工业出版社
密码学概论 国外著名高等院校信息优秀教材 豆瓣8.2  初学者 人民邮电出版社,￥34.20,无,无
数据结构 C++版  第2版  21世纪高等学校规划教材·,￥24.80,陈宝平,清华大学出版社
计算导论(第3版普通高等教育十一五国家级规划教材)/现代教材系列,￥31.40,赵致琢,科学出版社
数据库原理及应用（SQL Server）（第3版）（21世纪高等学校规划教材·）,￥50.40,李俊山,清华大学出版社
数据库原理及应用教程/21世纪高等学校规划教材·,￥33.30,无,清华大学出版社
现货包邮 IT之火：社会、法律和伦理（原书第5版） 丛书|8065167,￥64.30,美莎拉 芭氏Sara Baase,机械工业出版社
程序设计方法(中文版) 国外高等院校信息书籍 豆瓣8.6 理论实践 人民邮电出版社,￥44.10,无,无
编译原理及实践教程（第2版）/21世纪高等学校规划教材·,￥24.80,黄贤英,清华大学出版社
名词（第三版）,￥319.20,全国科学技术名词审定委员会审定,科学出版社
J2EE企业级开发Struts2+Spring+Hibernate整合专业实,￥24.80,杨旭,清华大学出版社
网络--原理应用(第2版高等院校规划教材)/系列,￥47.50,无,机械工业出版社
Java程序设计习题实训教程/21世纪高等学校规划教材·,￥41.80,李凌霞,清华大学出版社
正版 软件工程（第三版） 刘玮 专业规划教材 武汉大学出版社 9787307214,￥35.40,无,无
汇编语言程序设计教程/21世纪高等学校规划教材·,￥29.90,陆遥,清华大学出版社
组织结构 21世纪高等学校规划教材·,￥33.30,无,清华大学出版社
自学考试教材+自考通真题试卷 080901本科教材+试卷 全套27本,￥656.76,无,高等教育出版社
医药数据库系统原理应用（供中药学、药学、管理学、等专业用）,￥49.00,无,中国中医药出版社
面向对象程序设计（C++语言）（第二版）/21世纪高等学校规划教材·,￥50.40,程磊,清华大学出版社
密码编码学网络安全原理实践 第八版 国外教材信息安全软件工程专业高等教育教科书,￥77.20,无,无
高等学校教材：Web程序设计,￥29.00,陶飞飞,清华大学出版社
操作系统（21世纪高等学校规划教材·）,￥58.90,林果园,清华大学出版社
Java程序设计项目案例教程/高等学校项目驱动案例实践规划教材,￥51.00,梁立新,清华大学出版社
80x86汇编语言程序设计（第2版）/高等院校规划教材·系列,￥40.20,无,机械工业出版社
离散数学（第2版）/21世纪高等学校规划教材·,￥17.90,谢美萍,清华大学出版社
正版 JAVA2实用教程（第6版）题库+微课视频版 耿祥义 清华 JAVA语言程序,￥49.80,无,无
C语言程序设计/21世纪高等学校规划教材·,￥27.30,李伟光,清华大学出版社
Go语言入门经典/丛书,￥64.35,无,清华大学出版社
智能信息处理导论(21世纪高等学校规划教材),￥40.80,无,清华大学出版社
丛书：存储外设,￥65.20,(英)艾伦·克莱门茨（Alan,机械工业出版社
大型数据库概论/21世纪高等学校规划教材·,￥33.30,朱辉生,清华大学出版社
正版 C++程序设计 向志华 清华软件设计系统开发 c++程序设计书籍 C+,￥52.10,无,无
Java EE大学教程/21世纪高等学校规划教材·,￥25.20,周平,清华大学出版社
算法分析设计及案例教程/21世纪高等学校规划教材·,￥33.30,师智斌,清华大学出版社
专业规划教材：导论（第2版）,￥36.10,姚爱国,武汉大学出版社
信息安全概论/21世纪系列教材（本科）,￥28.10,凌捷,华南理工大学出版社
导论/21世纪高等学校规划教材·,￥29.00,王文剑,清华大学出版社
正版 C++程序设计 向志华 清华软件设计系统开发 c++程序设计书籍 C+,￥52.10,无,无
网络教程（第2版）/21世纪实践型教程,￥33.30,张晓明,清华大学出版社
Java EE实验教程/21世纪高等学校规划教材·,￥24.80,韩姗姗,清华大学出版社
专业实践系列教材：网络工程设计应用,￥29.90,王相林,清华大学出版社
Matlab语言及实践教程（第2版）/高等学校教材,￥23.40,肖燕彩,清华大学出版社
数值计算方法：算法及其程序设计/高等院校专业“十二五”规划教材,￥27.40,无,西安电子科技大学出版社
正版 C语言程序设计 卢萍 清华大学 青少年C语言编程程序设计 面向系统能力培养大,￥53.60,无,无
C/C++程序设计基础实践教程/21世纪高等学校规划教材·,￥33.70,无,清华大学出版社
导论/21世纪高等学校规划教材·,￥24.80,无,清华大学出版社
LabVIEW虚拟仪器设计/丛书,￥84.60,郝丽,清华大学出版社
Java程序设计实用教程/21世纪高等学校规划教材·,￥41.80,李凌霞,清华大学出版社
Java面向对象程序设计/高等院校规划教材·系列,￥37.00,王爱国,机械工业出版社
正版 计算基础编程：PYTHON版（第五版） （挪）兰坦根 ,￥106.40,无,无
软件工程项目案例教程（高等学校项目驱动案例实践规划教材）,￥51.10,梁立新,清华大学出版社
高等院校规划教材：系列,￥22.50,何利,机械工业出版社
面向对象程序设计（C++版 第2版）/21世纪高等学校规划教材·,￥50.40,无,清华大学出版社
数据库应用 SQL Server 2016（中国高等学校专业（应用型）规划,￥50.40,吴秀丽,清华大学出版社
系列教材：离散数学,￥27.30,刘学书,武汉大学出版社
正版 算法数据结构第三版第3版 陈媛 清华大学 教材高等教育教科书 软件开发设计,￥48.00,无,无
高等学校教材：数据结构实例教程,￥29.00,杨晓光,清华大学出版社
高等学校教材：SQL Server 2005实用教程,￥27.30,无,清华大学出版社
数据结构教程(第二版)/21世纪高等学校规划教材·,￥41.80,王少波,清华大学出版社
面向对象程序设计Visual C++6.0教程（第2版）/21世纪高等学校规划教材·,￥38.00,陈天华,清华大学出版社
网络安全及应用（第2版）/高等院校规划教材·系列,￥46.40,无,机械工业出版社
正版 C语言程序设计 卢萍 清华大学 青少年C语言编程程序设计 面向系统能力培养大,￥53.60,无,无
Hibernate+Spring简明实例教程（21世纪高等学校规划教材·）,￥59.60,吕海东,清华大学出版社
数据库原理及应用/21世纪高等学校规划教材·,￥25.20,刘爽英,清华大学出版社
Java Web开发基础：从Servlet到JSP/21世纪高等学校规划教材·,￥29.90,无,清华大学出版社
JavaScriptjQuery程序设计/21世纪实践型教程,￥33.70,吕太之,清华大学出版社
办公自动化软件及应用·第3版/21世纪实践型教程,￥29.50,姜书浩,清华大学出版社
正版 JAVA2实用教程（第6版）题库+微课视频版 耿祥义 清华 JAVA语言程序,￥49.80,无,无
组成结构/21世纪高等学校规划教材·,￥24.80,周艳平,清华大学出版社
网络(第3版21世纪高等学校系列教材),￥65.60,无,清华大学出版社
Office高级应用/21世纪实践型教程,￥33.30,夏启寿,清华大学出版社
Flash游戏设计案例教程/21世纪高等学校规划教材·,￥29.50,董相志,清华大学出版社
PHP+MySQL项目实例开发/21世纪实践型教程,￥28.80,无,清华大学出版社
正版 C语言程序设计 卢萍 清华大学 青少年C语言编程程序设计 面向系统能力培养大,￥53.60,无,无
高等学校教材：J2ME移动应用开发,￥37.30,郝玉龙,清华大学出版社
Visual FoxPro程序设计习题集上机辅导/21世纪高等学校规划教材,￥20.20,无,北京语言大学出版社
C++高级程序设计教程/21世纪高等学校规划教材·,￥50.40,张娜,清华大学出版社
JAVA程序设计案例教程/21世纪实践型教程,￥41.80,无,清华大学出版社
信息安全原理应用 21世纪高等学校规划教材·,￥24.80,张健,清华大学出版社
Struts2框架应用开发教程/21世纪高等学校规划教材·,￥33.30,王建国,清华大学出版社
Java程序设计实用教程/高等院校规划教材·系列,￥32.10,无,机械工业出版社
C++程序设计实践教程/21世纪高等学校规划教材·,￥33.30,任志鸿,清华大学出版社
自学考试教材+自考真题试卷 080901本科教材+试卷 全套25本,￥495.00,无,高等教育出版社
C语言程序设计实践（21世纪高等学校规划教材·）,￥58.90,范雪琴,清华大学出版社
操作系统实验教程/专业实践系列教材,￥21.30,无,清华大学出版社
高等学校教材：电子商务网站建设,￥33.30,无,清华大学出版社
基于Android的物联网应用开发/高等学校项目驱动案例实践规划教材,￥42.60,梁立新,清华大学出版社
导论（第2版）（21世纪高等学校规划教材·）,￥42.50,张凯,清华大学出版社
IT 项目管理/21世纪应用型本科专业规划教材,￥34.00,无,清华大学出版社
应用型本科专业规划教材：线性代数,￥16.20,侯冬梅,清华大学出版社
新一代移动通信工程/21世纪实践型教程,￥21.30,田锦,清华大学出版社
高等学校教材：网页设计实例教程,￥24.80,李卓群,清华大学出版社
Linux操作系统实训教程/21世纪实践型教程,￥24.80,无,清华大学出版社
Java程序设计教程项目实训/21世纪高等学校规划教材·,￥42.30,温秀梅,清华大学出版社
汇编语言编程实践及上机指导/21世纪高等学校规划教材·,￥25.60,刘辉,清华大学出版社
普通高等学校专业规划教材：软件工程,￥29.90,张林,中国铁道出版社
高等学校教材·教育部精品视频公开课配套教材：物联网应用,￥24.80,石志国,清华大学出版社
导论（21世纪高等学校规划教材·）,￥67.40,金玉苹,清华大学出版社
.NET 4.0编程基础/专业实践系列教材,￥41.80,无,清华大学出版社
